epoch,Training Loss,Valid. Loss,Valid. Accur.,Training Time,Validation Time
1,0.34242396558821203,0.002367891874164343,1.0,0:00:37,0:00:02
2,0.010821887286379934,0.0007008182280696929,1.0,0:00:34,0:00:02
3,0.0013589080735109747,0.0005115635506808758,1.0,0:00:33,0:00:02
