epoch,Training Loss,Valid. Loss,Valid. Accur.,Training Time,Validation Time
1,0.295576130092144,0.01902114201337099,0.9899497487437185,0:00:29,0:00:02
2,0.005779181360267103,0.0008107323269359768,1.0,0:00:28,0:00:02
3,0.004711463357321918,0.0006456641550175846,1.0,0:00:28,0:00:02
