epoch,Training Loss,Valid. Loss,Valid. Accur.,Training Time,Validation Time
1,0.1840205392721109,0.00047525458387099207,1.0,0:00:29,0:00:02
2,0.0043916355969849975,0.000190717835794203,1.0,0:00:28,0:00:02
3,0.0003502947062952444,0.00010508927254704759,1.0,0:00:33,0:00:02
4,0.0002355314401211217,7.876561750890686e-05,1.0,0:00:34,0:00:02
5,0.0002075111320009455,7.155224535381422e-05,1.0,0:00:35,0:00:02
